gregory,1
walk,2
desert,1
readily,1
practised,1
passage,1
heaven,2
men,7
house,1
striking,1
passionibus,1
ascribing,1
hold,1
depend,1
sin,1
answer,2
wounds,1
owing,2
remedies,1
hands,1
meted,1
consumed,1
slain,2
generation,1
feared,1
dearth,1
called,2
harm,4
termed,1
order,2
aware,1
lintels,1
moses,1
true,1
blame,1
influenced,2
carrying,1
bodily,3
vast,1
rebuking,1
includes,1
army,1
person,3
human,6
physics,1
distraction,1
praying,1
people,2
maiden,1
visibly,1
pestilence,1
augustine,4
words,2
sake,3
lie,1
flows,1
operation,2
peter,1
touch,1
common,2
put,1
compared,1
paul,1
seized,1
threw,1
thereto,1
excuses,1
gazali,1
employing,1
greatly,2
heavenly,2
close,1
street,1
intimately,1
blessed,1
mentions,1
sapphira,1
laid,1
invisible,1
death,1
accordance,1
mysterious,1
effects,5
conversely,2
knew,1
malefactors,1
witch,9
ethics,1
find,1
evil,15
quoted,1
corners,1
murderer,1
makes,1
opinion,3
aid,5
brought,3
imagination,6
artificial,2
walking,1
man,8
killed,1
points,1
hatred,1
poison,2
commands,1
medium,2
air,2
curious,1
save,1
drink,1
violent,1
wrought,4
perdition,1
conjunction,2
lost,1
extraneous,1
providence,1
glance,1
superior,3
work,5
extraordinary,3
narrow,1
mental,3
presence,1
lodestone,1
doors,1
tabitha,1
guard,1
steel,1
ministry,2
permission,2
knowledge,1
objections,1
galatians,2
charge,1
agent,2
wind,1
beneficial,2
periapts,1
operate,1
confound,1
god,11
satan,1
diseases,1
seeking,1
evident,1
slew,2
kind,3
noxious,1
case,1
difference,1
harms,3
proceed,2
learn,2
israel,1
ascribed,1
mere,1
directly,1
kinds,1
informing,1
punishments,3
argument,1
commonly,1
images,3
spells,5
naturalism,1
spirits,1
telling,1
catholic,1
err,1
voluntary,1
afflicted,3
consequence,1
tempests,3
incredible,1
account,3
continues,2
inferior,3
bewitched,1
distract,1
tells,1
heap,1
manner,1
power,20
fascinates,1
sorcerers,2
circumstances,1
cases,1
unrestrained,1
natural,7
strongly,1
thrown,1
numbered,1
scriptures,1
fact,1
rape,1
faith,1
elements,2
craft,1
living,3
proportion,1
plain,1
produce,2
proved,1
regard,1
body,13
operations,1
established,1
bestows,1
place,3
bring,6
truth,2
ananias,1
angels,6
summoned,1
happen,2
errors,1
shines,1
perishes,1
reason,1
ailments,1
proven,1
flocks,1
miraculous,1
acted,1
forces,1
prayer,2
beam,2
pleasure,1
lucan,1
baleful,1
explains,1
dead,2
devil,19
beating,1
corpse,2
blackness,1
eyes,3
instrument,2
draught,2
sheep,1
reference,2
victims,1
intervention,1
believed,1
angry,1
nature,3
wonderful,2
maintain,1
epistle,1
chapter,1
sorcerer,1
greater,2
exceed,1
irrefutable,1
madness,1
magicians,3
senses,1
soul,1
argued,1
falling,1
obvious,2
text,2
working,1
idea,1
magnitude,1
congregate,1
beings,1
women,1
exercised,1
cold,1
powers,5
father,1
secret,1
mankind,2
considered,1
punishes,1
health,1
bears,1
bad,1
clear,1
drought,1
hurting,1
perform,4
strange,1
similar,1
harmful,1
driving,1
limbs,1
connexion,1
hidden,1
life,2
guilt,2
impress,1
deeds,2
forspoken,1
enemies,1
plagues,1
wished,1
murdered,1
hath,1
events,1
disturb,1
form,1
wont,1
simply,1
abominations,1
corrupted,1
destructive,1
manifested,1
fear,1
purpose,1
receive,1
real,1
smote,1
die,1
terrible,4
miracles,3
etymologiae,1
afraid,1
permitted,1
devils,2
arouse,2
city,2
contact,2
gloss,2
stars,1
means,2
happenings,1
holds,2
easily,2
nay,1
bodies,11
act,4
examples,1
nobler,1
storms,1
adjacent,1
ills,1
sage,1
young,1
extent,2
deep,1
performs,1
kill,1
book,6
maintained,1
cast,1
free,1
amazing,1
actual,3
point,2
sennacherib,1
works,4
magic,2
impression,1
make,2
depends,1
blood,1
days,1
fell,5
fearful,1
benefit,1
stir,1
suspended,1
material,3
day,1
inordinate,1
middle,1
egypt,1
servants,2
unjust,1
saints,1
opposite,1
laying,1
spirit,1
fiery,1
holy,2
witches,12
houses,1
healing,1
disease,2
singularly,1
employs,1
stretched,1
allowed,1
trust,1
instrumentality,1
suggests,1
sickness,2
influences,2
husbands,1
herding,1
law,1
takes,1
hailstorms,2
dare,2
passions,1
destroy,2
made,2
abroad,1
ten,1
children,3
sara,1
forward,1
drive,1
albertus,1
rotten,1
attracts,2
description,1
hurtful,2
water,2
obedient,1
charm,1
patriarch,1
alteration,1
time,1
insane,1
fire,1
refers,1
mind,5
hesitation,1
minds,2
influence,11
running,1
good,6
pass,2
things,7
witchcraft,1
punished,1
likewise,1
raised,1
effect,4
change,11
meadows,1
times,1
isidore,1
distinct,1
aeris,1
obey,4
clever,1
night,1
disasters,2
dialogue,1
oft,1
magnus,1
refer,1
commits,1
lusts,1
glory,1
job,5
senseless,1
ascribe,2
avicenna,2
making,1
contrary,1
asks,1
hot,1
david,1
action,2
instruments,1
aristotle,1