beat,1
exemplified,1
local,1
moves,2
cells,1
effecting,1
mechanism,1
image,3
guards,2
separately,2
proved,2
naturally,1
workman,1
nobility,1
john,1
souls,1
fulfil,1
advice,1
released,1
thrown,1
exist,2
heart,1
faculties,3
move,3
actual,3
drawn,1
causing,3
centre,1
days,1
presence,2
pleading,1
leaping,1
bewailing,1
larger,1
making,1
book,2
insasmuch,1
prove,1
birth,1
parallel,1
acknowledge,1
asked,3
accomplish,1
required,1
injecting,1
disposed,1
valid,1
crossed,1
women,2
bad,3
seminal,1
organs,3
concluded,1
enters,1
suffer,1
rods,1
effect,1
account,1
make,1
question,5
fly,1
refutation,1
magistrates,4
deepest,1
beaten,1
change,2
proportion,1
indignation,1
manifestly,1
deceived,1
transformations,1
bailiff,1
finally,1
manifest,1
brought,1
matter,3
written,1
chapter,1
bartholomew,1
aerial,1
bodies,4
freely,1
fact,2
lie,1
drive,1
unknown,1
easy,1
beating,1
preternatural,2
limits,3
itinerarium,1
attack,1
affect,1
draws,1
righteousness,1
blind,2
normal,1
cried,1
middle,2
grace,1
works,9
persons,1
images,2
manifestations,1
difference,2
superior,2
world,2
air,1
conceded,1
retained,1
theological,1
judge,8
temporal,1
strasburg,1
clear,1
movement,1
sickness,1
quote,1
threw,1
limbs,1
step,2
sense,2
good,7
frantic,1
communicates,1
distinction,2
effects,1
sudden,1
confusion,2
conditions,2
error,1
driving,1
closely,1
respect,1
furious,1
sort,3
invocation,1
prevail,1
suddenly,2
marvels,1
explain,1
struck,4
bodily,3
deluded,1
malefactor,2
complained,1
case,3
man,8
procure,1
human,1
horse,1
reverent,1
scratching,1
respective,1
senses,1
administered,1
memory,1
holy,1
compendium,1
tower,1
recount,1
telling,1
invisible,1
argued,1
heads,1
led,1
refusing,1
acknowledged,1
testify,1
discussed,1
proclaim,1
simply,1
found,1
behold,1
signs,4
truth,2
innocence,1
existing,2
moved,3
natural,4
difficulty,3
defect,1
compared,1
happened,1
strengthening,1
charitable,1
related,1
cats,1
thomas,3
reside,1
augustine,1
order,2
gift,1
supernatural,2
blows,1
men,6
illusion,2
powers,2
frenzied,1
imposes,1
uirtute,1
assigns,1
enter,2
respected,1
misfortune,1
pervades,1
long,2
nature,10
sentence,1
philosophers,1
unable,1
exists,2
simon,1
prison,3
maniacs,1
knees,1
respects,1
web,2
objects,1
inform,1
glamour,2
method,1
overstep,1
lying,3
injury,1
thirdly,2
devil,11
detrimental,1
part,8
stricken,1
art,2
burn,1
saints,1
gregory,1
spirit,1
possess,1
marvellous,2
fourthly,1
affected,3
death,1
cast,1
virgin,1
house,1
objection,2
sentences,1
distinguished,3
perceptions,8
spider,1
caused,4
harmful,1
refer,2
confuse,1
speak,1
horrible,1
space,1
restores,1
relate,1
stars,2
ways,1
faculty,2
touched,1
dead,4
considered,7
created,4
conscious,1
hearing,2
interposition,1
withhold,1
mental,3
miracle,2
fright,1
busy,1
vision,1
miraculous,3
corporeal,3
properly,1
manner,1
conceal,1
fill,1
credible,1
chopping,2
peter,1
induced,1
taking,1
doctors,1
quality,3
exterior,1
entering,1
great,3
thought,2
relates,1
unnatural,2
deceive,1
panic,1
illusory,2
exhibit,1
marks,1
false,2
fell,1
remember,1
draw,1
spirits,3
shown,1
reasons,1
eyes,1
corroboration,1
dialogue,1
movements,1
attacked,2
operate,1
operations,2
cat,1
specially,1
healing,1
rise,1
woman,1
wonders,1
outer,3
power,9
imaginative,1
purpose,2
swarming,1
devout,1
wonderful,1
visible,1
angels,3
wrought,2
divine,3
events,1
dared,1
fail,1
leaving,1
takes,2
hidden,1
serpents,1
hear,1
ravings,1
unharmed,1
present,1
diocese,1
answer,1
publicly,1
organ,1
town,3
dist,2
invocations,1
reason,4
appears,2
servants,2
matters,2
permission,2
speaking,1
assumed,1
witnesses,1
idle,1
amazement,1
clement,1
damascene,1
wicked,4
words,1
pain,2
bitterly,1
broke,1
phantasm,1
understanding,1
special,1
utility,1
living,1
mind,1
facts,1
outpouring,1
life,3
true,3
physical,1
time,3
beds,1
apostle,2
capacity,1
magicians,1
daemonum,1
head,9
angel,1
drove,1
strongest,1
place,5
face,2
magus,1
legs,2
fiercely,1
operates,2
work,12
putrefaction,1
exclaimed,1
transferred,1
assumes,1
inside,1
quest,1
back,3
god,4
matrons,1
large,1
biting,1
dungeon,1
active,1
changed,1
painful,1
day,4
engaged,2
creatures,4
removes,1
devils,9
object,1
sight,1
disability,1
transmute,1
adversary,1
distance,1
poor,4
fury,1
fancy,1
pious,1
soul,8
feels,1
antichrist,3
front,1
appeared,1
light,1
wood,3
happen,1
honourable,1
terms,1
hour,3
ordained,1
crime,5
told,2
expressing,1
ordered,1
wherefore,1
possessed,2
evidence,1
raising,2
benumb,1
task,2
miracles,14
jumping,1
governed,1
locally,2
occupy,1
creature,1
obsessed,2
concerned,1
expedient,1
began,1
things,6
faith,7
bringing,1
body,9
impressions,2
necessarily,2
authority,2
granting,1
refused,1
zealous,1
members,1
edification,1
throat,1
legend,1
transmutations,2
called,4
astonishment,1
grant,1
glamours,1
witches,8