association,3
reckoning,1
punished,1
tells,1
throws,1
begotten,1
regard,2
clear,1
women,4
subtly,1
wherefore,1
especial,1
inquire,1
twelfth,1
wicked,1
incarnation,1
brabant,1
places,1
collecting,1
bodily,5
acknowledge,1
matter,7
living,3
functions,2
quality,2
definite,1
infinitely,1
incubus,4
distinction,1
ejection,1
breathe,1
sort,3
abomination,1
physicians,1
incubi,1
point,2
kind,1
inspisated,1
publicly,1
gross,1
read,1
practised,1
addicted,2
caused,1
pierce,1
reads,1
angel,4
vapours,1
lungs,2
set,1
metabolistic,1
defilers,1
occupied,1
size,1
concept,3
reproduced,2
good,4
wills,1
hierarchy,1
air,21
twentieth,1
free,1
reference,1
makes,1
noxious,1
individually,1
understands,1
time,4
modern,4
activities,1
expressed,1
indulge,1
susceptible,1
place,1
parts,2
earth,4
vibration,1
eating,4
spoken,1
converting,1
cut,1
distance,1
ratisbon,1
christ,1
year,3
assume,2
operation,1
speaking,2
balaam,1
effect,1
origin,3
body,23
left,2
divided,1
appeared,1
witnesses,3
repented,1
understood,1
witches,15
disturbance,1
thomas,4
cool,1
corporeal,3
space,2
points,1
likeness,4
existed,1
ship,1
producing,2
act,6
favourable,1
hear,2
difficulty,2
practices,2
strikes,1
recognizing,1
made,6
quantity,2
injection,1
part,4
informs,1
dionysius,1
sign,1
material,1
manage,1
limbs,1
vain,1
preachers,1
give,1
outer,1
augustine,1
food,3
wishes,2
lewd,1
artificially,1
guileful,1
agreed,1
sailor,1
power,4
devils,18
excels,1
end,3
people,1
hundreds,1
infest,1
affirmed,1
instruments,1
glorified,1
accompanied,1
accepting,1
impertinent,1
burbia,1
multiplied,2
condition,1
hearer,4
filthiness,1
faith,3
sixth,1
accidental,1
painted,1
arose,1
canons,1
soul,3
local,2
requisite,1
successively,1
doctors,1
magic,1
harm,1
fourth,2
fully,1
offered,1
practice,1
cry,1
colleague,1
life,2
years,4
motion,2
bad,3
eye,1
dioceses,1
semen,1
voice,7
doubts,2
fishes,1
copulate,2
noted,1
spiritually,1
water,2
assumption,2
fathers,1
sin,1
substantiated,2
possession,1
law,1
perfidy,1
utterly,1
means,5
required,2
complete,2
draw,1
lord,1
carnal,2
shown,1
called,4
earthly,1
inhabitants,1
superflous,1
spirits,1
arts,2
sound,10
diabolic,1
thing,2
order,3
history,1
god,3
partaking,1
hindered,1
credible,2
pleasure,1
animals,2
talk,1
qualities,1
explained,1
case,6
omitting,1
powers,1
formal,1
essence,1
understanding,1
fact,1
total,1
digesting,1
continues,1
accident,1
abnegation,1
mental,1
holy,2
raised,1
substantial,1
beginning,2
element,1
inanimate,1
shape,4
utter,1
forty,2
friendship,1
nutriment,1
hold,1
worship,1
treat,2
produce,2
wind,1
foul,1
finer,1
wood,1
unwillingly,1
shaped,1
light,1
performs,1
subject,3
tongue,3
penetrate,1
simply,1
rings,1
formed,2
works,1
doctrine,1
work,2
percussion,1
organ,2
fourthly,2
burned,2
method,2
arises,1
practise,2
state,1
embrace,1
voices,2
die,1
caught,1
long,1
inspissated,1
process,1
past,2
thirdly,1
vision,1
stories,1
converse,1
man,3
mutes,1
speak,5
command,1
county,1
delight,1
disembodied,1
airs,1
heart,3
aristotle,1
celestial,1
formicarius,1
tacit,1
stomach,2
nature,3
superstitious,1
show,1
limits,3
send,1
times,3
freely,1
assumed,10
mouth,3
perform,3
visited,1
provided,1
overt,1
obey,1
abjuring,1
spiritual,2
punishment,1
appearance,1
book,3
notice,2
kinds,3
abominations,3
shapes,2
bell,2
nutritive,1
question,2
strictly,1
bound,2
included,2
changeable,1
repudiated,1
move,1
bees,1
properly,1
societies,1
doubt,2
manner,1
occupy,1
argument,1
secret,1
fluid,1
respirations,1
likenesses,1
sending,1
function,1
face,1
instrument,2
aerial,3
dissolved,2
struck,2
express,2
observe,1
principal,1
pestilent,2
moves,1
histories,1
behaviour,1
filthy,1
trifling,1
breathed,1
devil,8
greater,2
eat,1
concluding,1
superior,1
anima,1
sight,1
approach,1
teaching,1
mastication,1
olden,1
traditions,1
striking,1
arise,1
applicable,1
mind,2
creatures,1
inquisitor,1
terrestrial,2
thought,1
organs,1
asked,1
evil,1
thirteenth,1
partial,1
forms,2
applies,1
venereal,1
testimony,2
substance,2
processes,2
articulately,1
deeds,1
respiration,1
unknown,1
visible,1
angels,5
properties,3
joined,2
incidental,1
things,5
faculty,1
purpose,2
manifest,3
medium,1
abominable,1
coitus,1
words,1
fruits,1
tainted,1
conversation,2
refer,1
motive,1
return,1
property,4
competent,1
teeth,2
human,1
permission,2
opinion,1
respect,4
returned,1
species,1
actual,1
suddenly,3
birth,1
possessed,2
increased,1
succubus,1
credulity,1
true,4
universal,1
constance,1
sounds,1
ejecting,1
abide,1
metabolism,1
shutting,1
expert,1
art,2
teaches,1
midwives,1
difference,1
owing,1
turned,1
hearing,2
join,1
practises,1
superstition,2
answering,1
circumstances,1
spoke,1
surrounding,1
lack,1
men,7
christian,1
assumes,3
infidel,1
worst,2
thoughts,1
lips,2
handed,1
swallowing,1
ranks,1
hinted,1
como,1
generative,1
pact,2
bodies,12
sentences,2
exemplified,1
natural,4
miserable,1
form,1
hearsay,1
digestion,1
ass,1
pulse,1
associate,1
willingly,1
beats,2
sword,1
eyes,3
nider,1
fourteen,1
lived,1
fire,1
secretly,1
sake,1
understand,1
posterity,1
town,1
opening,1
secular,1
meaning,2
ears,4
agent,1
received,2
dist,2
grace,1
retaining,1
theory,1
servitude,1
respects,2
small,1
repentance,1
condensation,2